round,coverage,precision_k,n_accepted,n_recs,n_active_users,n_skipped_users,hit_rate@5,rec_coverage@5,novelty,clustering_diff,degree_kl,replay_size,mrr@5,hits@5
0,0.062146892655367235,0.025,5.0,200.0,40.0,0.0,0.025,0.435,1.0,0.6048899632852396,0.08863766868970108,0.0,,
1,0.062146892655367235,0.0,0.0,200.0,40.0,0.0,0.0,0.46,4.0,0.6048899632852396,0.08863766868970108,0.0,,
2,0.07627118644067797,0.035,7.0,200.0,40.0,0.0,0.05,0.4,1.5,0.6048899632852396,0.18074107236735948,0.0,1.0,1.0
