round,coverage,precision_k,n_accepted,n_recs,n_active_users,n_skipped_users,mrr@1,hits@1,mrr@3,hits@3,mrr@5,hits@5,mrr@10,hits@10,hit_rate@1,rec_coverage@1,unique_recs@1,novelty,clustering_diff,degree_kl,replay_size
0,0.2531188575554575,0.08176100628930817,78.0,954.0,98.0,0.0,0.2,0.2,0.3333333333333333,0.5,0.3895833333333333,0.75,0.421765873015873,1.0,0.08163265306122448,0.1743119266055046,95.0,2.1375,0.29201743740810837,0.24704454332009204,0.0
1,0.2567692245978579,0.09568874868559411,91.0,951.0,98.0,0.0,0.1702127659574468,0.1702127659574468,0.32978723404255317,0.5319148936170213,0.374468085106383,0.723404255319149,0.4077001013171226,1.0,0.08163265306122448,0.16727941176470587,91.0,,,,0.0
2,0.2601789080990012,0.0874485596707819,85.0,972.0,98.0,0.0,0.2564102564102564,0.2564102564102564,0.3333333333333333,0.4358974358974359,0.3833333333333333,0.6666666666666666,0.42648555148555145,1.0,0.10204081632653061,0.16725978647686832,94.0,,,,0.0
3,0.26386938906494445,0.09523809523809523,92.0,966.0,98.0,0.0,0.2127659574468085,0.2127659574468085,0.2836879432624113,0.3829787234042553,0.32092198581560283,0.5531914893617021,0.38263255656872674,1.0,0.10204081632653061,0.16984732824427481,89.0,,,,0.0
4,0.26687793333065907,0.07772020725388601,75.0,965.0,98.0,0.0,0.2391304347826087,0.2391304347826087,0.34057971014492755,0.4782608695652174,0.3797101449275362,0.6521739130434783,0.4246894409937888,1.0,0.11224489795918367,0.17325800376647835,92.0,,,,0.0
