round,coverage,precision_k,n_accepted,n_recs,n_active_users,n_skipped_users,mrr@1,hits@1,mrr@3,hits@3,mrr@5,hits@5,mrr@10,hits@10,hit_rate@1,rec_coverage@1,unique_recs@1,novelty,clustering_diff,degree_kl,replay_size
0,0.2509854158454868,0.011267605633802818,20.0,1775.0,189.0,0.0,0.26666666666666666,0.26666666666666666,0.32222222222222224,0.4,0.43555555555555553,0.8666666666666667,0.4540740740740741,1.0,0.021164021164021163,0.16619718309859155,177.0,2.3821138211382116,0.07411175943505767,0.10646270448821059,0.0
1,0.2522171856523453,0.014236902050113895,25.0,1756.0,189.0,0.0,0.05263157894736842,0.05263157894736842,0.14035087719298245,0.2631578947368421,0.23245614035087717,0.6842105263157895,0.273015873015873,1.0,0.005291005291005291,0.17482517482517482,175.0,,,,0.0
2,0.25315333070555773,0.010567296996662959,19.0,1798.0,189.0,0.0,0.2,0.2,0.22222222222222224,0.26666666666666666,0.3255555555555556,0.7333333333333333,0.357962962962963,1.0,0.015873015873015872,0.1726133076181292,179.0,,,,0.0
3,0.2540402049664959,0.01023308698123934,18.0,1759.0,189.0,0.0,0.125,0.125,0.19791666666666666,0.3125,0.21041666666666664,0.375,0.2882688492063492,1.0,0.010582010582010581,0.16828793774319067,173.0,,,,0.0
4,0.2551734331888057,0.01271420674405749,23.0,1809.0,189.0,0.0,0.17647058823529413,0.17647058823529413,0.2941176470588235,0.47058823529411764,0.3205882352941176,0.5882352941176471,0.37572362278244625,1.0,0.015873015873015872,0.16826923076923078,175.0,,,,0.0
