round,coverage,precision_k,n_accepted,n_recs,n_active_users,n_skipped_users,mrr@5,mrr@10,mrr@20,hits@5,hit_rate@5,rec_coverage@5,novelty,clustering_diff,degree_kl,replay_size
0,0.0683878596767836,0.03726362625139043,67.0,1798.0,189.0,0.0,1.0,1.0,1.0,1.0,0.13756613756613756,0.30173775671406006,4.0,0.08250261112815915,2.522274594620325,1.0
