round,coverage,precision_k,n_accepted,n_recs,n_active_users,n_skipped_users,mrr@1,hits@1,mrr@3,hits@3,mrr@5,hits@5,mrr@10,hits@10,hit_rate@1,rec_coverage@1,unique_recs@1,novelty,clustering_diff,degree_kl,replay_size
0,0.2659954270127161,0.41823899371069184,399.0,954.0,98.0,0.0,1.0,1.0,1.0,1.0,1.0,1.0,1.0,1.0,0.6020408163265306,0.17391304347826086,92.0,1.5238095238095237,0.2826815160414705,0.1187604115824379,0.0
1,0.2835252116009467,0.45951629863301785,437.0,951.0,98.0,0.0,1.0,1.0,1.0,1.0,1.0,1.0,1.0,1.0,0.6836734693877551,0.17092337917485265,87.0,,,,0.0
2,0.29937021140037706,0.4063786008230453,395.0,972.0,98.0,0.0,1.0,1.0,1.0,1.0,1.0,1.0,1.0,1.0,0.5612244897959183,0.1596330275229358,87.0,,,,0.0
3,0.3166191985238076,0.4446742502585315,430.0,967.0,98.0,0.0,1.0,1.0,1.0,1.0,1.0,1.0,1.0,1.0,0.6632653061224489,0.17425742574257425,88.0,,,,0.0
4,0.33354727425889524,0.43730569948186526,422.0,965.0,98.0,0.0,1.0,1.0,1.0,1.0,1.0,1.0,1.0,1.0,0.6938775510204082,0.16888045540796964,89.0,,,,0.0
