round,coverage,precision_k,n_accepted,n_recs,n_active_users,n_skipped_users,mrr@1,hits@1,mrr@3,hits@3,mrr@5,hits@5,hit_rate@1,rec_coverage@1,unique_recs@1,novelty,clustering_diff,degree_kl,replay_size
0,0.06671265273945605,0.0387409200968523,16.0,413.0,189.0,0.0,1.0,1.0,1.0,1.0,1.0,1.0,0.042328042328042326,0.43714285714285717,153.0,1.9411764705882353,0.08432909654236877,4.921580020096216,0.0
1,0.06686046511627906,0.025906735751295335,10.0,386.0,189.0,0.0,1.0,1.0,1.0,1.0,1.0,1.0,0.026455026455026454,0.47129909365558914,156.0,,,,0.0
2,0.06695900670082774,0.010075566750629723,4.0,397.0,189.0,0.0,1.0,1.0,1.0,1.0,1.0,1.0,0.015873015873015872,0.471976401179941,160.0,,,,0.0
