round,coverage,auc_feedback,uauc_feedback,precision_k,n_accepted,n_recs,n_active_users,n_skipped_users,mrr@1,hits@1,mrr@3,hits@3,mrr@5,hits@5,mrr@10,hits@10,hit_rate@1,rec_coverage@1,unique_recs@1,novelty,clustering_diff,degree_kl,replay_size
0,0.6043162581732119,0.7204727769243898,0.6888353636028056,0.11065573770491803,108.0,976.0,98.0,0.0,0.5813953488372093,0.5813953488372093,0.6705426356589148,0.7906976744186046,0.6810077519379846,0.8372093023255814,0.6995478036175712,1.0,0.25510204081632654,0.1905940594059406,77.0,1.6666666666666667,0.15986351496712006,0.08635068060412002,0.0
