round,coverage,precision_k,n_accepted,n_recs,n_active_users,n_skipped_users,mrr@1,hits@1,mrr@3,hits@3,mrr@5,hits@5,mrr@10,hits@10,hit_rate@1,rec_coverage@1,unique_recs@1,novelty,clustering_diff,degree_kl,replay_size
0,0.2531040599132834,0.03549295774647887,63.0,1775.0,189.0,0.0,0.7428571428571429,0.7428571428571429,0.819047619047619,0.9142857142857143,0.8319047619047619,0.9714285714285714,0.8347619047619048,1.0,0.13756613756613756,0.17445482866043613,168.0,1.955223880597015,0.07314273685144264,0.09926194073230991,0.0
1,0.25512416239653135,0.02334851936218679,41.0,1756.0,189.0,0.0,0.5517241379310345,0.5517241379310345,0.6436781609195401,0.7586206896551724,0.6660919540229885,0.8620689655172413,0.6834291187739464,1.0,0.08465608465608465,0.17121848739495799,163.0,,,,0.0
2,0.25704572329523057,0.021666666666666667,39.0,1800.0,189.0,0.0,0.6153846153846154,0.6153846153846154,0.6858974358974359,0.7692307692307693,0.7012820512820513,0.8461538461538461,0.7213064713064713,1.0,0.08465608465608465,0.15815815815815815,158.0,,,,0.0
3,0.2586716594402838,0.01872871736662883,33.0,1762.0,189.0,0.0,0.6956521739130435,0.6956521739130435,0.7753623188405798,0.9130434782608695,0.7840579710144928,0.9565217391304348,0.791304347826087,1.0,0.08465608465608465,0.15893385982230998,161.0,,,,0.0
4,0.26108592826172644,0.027086788280818133,49.0,1809.0,189.0,0.0,0.5483870967741935,0.5483870967741935,0.618279569892473,0.7096774193548387,0.6473118279569892,0.8387096774193549,0.6675627240143369,1.0,0.08994708994708994,0.16046966731898238,164.0,,,,0.0
