round,coverage,precision_k,n_accepted,n_recs,n_active_users,n_skipped_users,mrr@1,hits@1,mrr@3,hits@3,mrr@5,hits@5,hit_rate@1,rec_coverage@1,unique_recs@1,novelty,clustering_diff,degree_kl,replay_size
0,0.06681119432400473,0.014527845036319613,6.0,413.0,189.0,0.0,1.0,1.0,1.0,1.0,1.0,1.0,0.031746031746031744,0.5732758620689655,133.0,1.9548872180451127,0.08399752368152352,4.901754492444234,0.0
1,0.06700827749310209,0.008830022075055188,4.0,453.0,189.0,0.0,0.75,0.75,0.75,0.75,0.8,1.0,0.015873015873015872,0.5811965811965812,136.0,,,,0.0
2,0.06725463145447379,0.013123359580052493,5.0,381.0,189.0,0.0,1.0,1.0,1.0,1.0,1.0,1.0,0.026455026455026454,0.6,141.0,,,,0.0
3,0.06735317303902247,0.004784688995215311,2.0,418.0,189.0,0.0,1.0,1.0,1.0,1.0,1.0,1.0,0.010582010582010581,0.5932203389830508,140.0,,,,0.0
4,0.06774733937721719,0.018648018648018648,8.0,429.0,189.0,0.0,1.0,1.0,1.0,1.0,1.0,1.0,0.042328042328042326,0.591304347826087,136.0,,,,0.0
